id,supplierId,productId,managedBy
1,14,1,SUPER_SCM
2,12,1,SUPER_SCM
3,1,1,ADMIN_TOKO
4,10,1,ADMIN_SCM
5,16,1,ADMIN_SCM
6,16,2,SUPER_SCM
7,2,2,ADMIN_TOKO
8,17,2,SUPER_SCM
9,18,2,SUPER_SCM
10,11,2,SUPER_SCM
11,17,3,ADMIN_SCM
12,20,3,SUPER_SCM
13,8,3,SUPER_SCM
14,16,4,SUPER_SCM
15,1,4,ADMIN_SCM
16,10,4,ADMIN_TOKO
17,4,5,ADMIN_SCM
18,8,5,ADMIN_TOKO
19,16,5,ADMIN_SCM
20,14,6,ADMIN_SCM
21,17,6,ADMIN_SCM
22,13,6,ADMIN_SCM
23,4,6,ADMIN_SCM
24,10,7,ADMIN_SCM
25,14,7,ADMIN_TOKO
26,13,7,ADMIN_TOKO
27,17,7,ADMIN_TOKO
28,18,7,ADMIN_SCM
29,14,8,SUPER_SCM
30,5,8,ADMIN_SCM
31,6,8,ADMIN_TOKO
32,3,8,SUPER_SCM
33,19,8,ADMIN_TOKO
34,13,9,ADMIN_SCM
35,12,9,ADMIN_TOKO
36,16,9,ADMIN_TOKO
37,15,10,SUPER_SCM
38,3,10,ADMIN_TOKO
39,10,10,ADMIN_TOKO
40,2,10,SUPER_SCM
41,4,10,ADMIN_SCM
42,11,11,SUPER_SCM
43,12,11,SUPER_SCM
44,14,11,ADMIN_TOKO
45,16,12,SUPER_SCM
46,12,12,SUPER_SCM
47,6,12,ADMIN_TOKO
48,19,13,ADMIN_SCM
49,3,13,ADMIN_SCM
50,17,13,ADMIN_TOKO
51,13,14,SUPER_SCM
52,18,14,ADMIN_TOKO
53,2,14,SUPER_SCM
54,9,14,SUPER_SCM
55,3,15,ADMIN_SCM
56,8,15,ADMIN_TOKO
57,5,15,ADMIN_TOKO
58,15,16,ADMIN_SCM
59,2,16,ADMIN_TOKO
60,4,16,SUPER_SCM
61,10,16,SUPER_SCM
62,1,16,ADMIN_TOKO
63,6,17,ADMIN_TOKO
64,2,17,ADMIN_SCM
65,12,17,ADMIN_SCM
66,4,17,SUPER_SCM
67,7,17,SUPER_SCM
68,1,18,ADMIN_SCM
69,4,18,ADMIN_SCM
70,19,18,ADMIN_TOKO
71,7,18,ADMIN_TOKO
72,6,19,ADMIN_SCM
73,13,19,ADMIN_SCM
74,1,19,ADMIN_TOKO
75,3,20,ADMIN_TOKO
76,5,20,SUPER_SCM
77,14,20,ADMIN_TOKO
78,14,21,SUPER_SCM
79,5,21,SUPER_SCM
80,4,21,ADMIN_SCM
81,11,21,ADMIN_SCM
82,1,22,SUPER_SCM
83,5,22,SUPER_SCM
84,14,22,SUPER_SCM
85,13,23,SUPER_SCM
86,1,23,ADMIN_SCM
87,9,23,ADMIN_TOKO
88,4,23,SUPER_SCM
89,13,24,SUPER_SCM
90,10,24,ADMIN_TOKO
91,2,24,ADMIN_SCM
92,7,24,SUPER_SCM
93,7,25,SUPER_SCM
94,10,25,SUPER_SCM
95,20,25,ADMIN_SCM
96,12,25,ADMIN_SCM
97,17,25,ADMIN_SCM
98,14,26,SUPER_SCM
99,1,26,ADMIN_TOKO
100,9,26,ADMIN_SCM
101,2,26,ADMIN_SCM
102,14,27,ADMIN_SCM
103,15,27,ADMIN_TOKO
104,8,27,ADMIN_SCM
105,10,28,SUPER_SCM
106,13,28,ADMIN_TOKO
107,2,28,ADMIN_TOKO
108,16,29,SUPER_SCM
109,19,29,ADMIN_TOKO
110,17,29,ADMIN_SCM
111,17,30,ADMIN_TOKO
112,15,30,ADMIN_TOKO
113,18,30,ADMIN_TOKO
114,1,30,SUPER_SCM
115,19,31,SUPER_SCM
116,9,31,SUPER_SCM
117,10,31,ADMIN_SCM
118,3,31,ADMIN_SCM
119,3,32,ADMIN_SCM
120,1,32,ADMIN_TOKO
121,14,32,ADMIN_SCM
122,20,33,ADMIN_TOKO
123,6,33,ADMIN_SCM
124,16,33,ADMIN_TOKO
125,9,33,ADMIN_SCM
126,4,34,ADMIN_SCM
127,15,34,ADMIN_TOKO
128,20,34,ADMIN_SCM
129,4,35,ADMIN_SCM
130,3,35,SUPER_SCM
131,13,35,ADMIN_SCM
132,18,35,ADMIN_SCM
133,8,35,SUPER_SCM
134,7,36,ADMIN_SCM
135,12,36,SUPER_SCM
136,1,36,SUPER_SCM
137,15,36,ADMIN_SCM
138,5,37,ADMIN_SCM
139,13,37,ADMIN_TOKO
140,16,37,ADMIN_SCM
141,4,37,SUPER_SCM
142,14,37,ADMIN_SCM
143,19,38,ADMIN_SCM
144,13,38,ADMIN_SCM
145,3,38,SUPER_SCM
146,14,38,ADMIN_SCM
147,16,38,ADMIN_SCM
148,7,39,SUPER_SCM
149,14,39,ADMIN_SCM
150,6,39,ADMIN_TOKO
151,4,39,ADMIN_SCM
152,9,40,SUPER_SCM
153,19,40,ADMIN_SCM
154,11,40,SUPER_SCM
155,2,40,SUPER_SCM
156,14,40,SUPER_SCM
157,14,41,SUPER_SCM
158,16,41,ADMIN_SCM
159,4,41,ADMIN_TOKO
160,11,41,ADMIN_TOKO
161,3,41,ADMIN_TOKO
162,16,42,SUPER_SCM
163,8,42,ADMIN_TOKO
164,4,42,ADMIN_TOKO
165,6,43,SUPER_SCM
166,11,43,ADMIN_SCM
167,19,43,ADMIN_SCM
168,1,43,ADMIN_TOKO
169,18,43,ADMIN_SCM
170,2,44,ADMIN_TOKO
171,8,44,ADMIN_SCM
172,3,44,ADMIN_SCM
173,1,45,ADMIN_TOKO
174,9,45,ADMIN_SCM
175,4,45,SUPER_SCM
176,20,46,ADMIN_SCM
177,4,46,ADMIN_TOKO
178,11,46,ADMIN_TOKO
179,9,46,SUPER_SCM
180,6,46,SUPER_SCM
181,12,47,ADMIN_TOKO
182,9,47,ADMIN_TOKO
183,19,47,SUPER_SCM
184,18,47,ADMIN_TOKO
185,5,48,ADMIN_SCM
186,4,48,ADMIN_SCM
187,9,48,SUPER_SCM
188,18,48,ADMIN_TOKO
189,9,49,ADMIN_TOKO
190,13,49,SUPER_SCM
191,16,50,ADMIN_TOKO
192,8,50,ADMIN_SCM
193,6,50,ADMIN_TOKO
194,20,50,ADMIN_TOKO
195,17,51,ADMIN_TOKO
196,18,52,SUPER_SCM
197,8,52,ADMIN_TOKO
198,12,52,ADMIN_TOKO
199,1,52,SUPER_SCM
200,18,53,SUPER_SCM
201,3,53,ADMIN_SCM
202,12,53,ADMIN_TOKO
203,5,53,SUPER_SCM
204,8,53,ADMIN_TOKO
205,8,54,ADMIN_TOKO
206,2,54,ADMIN_SCM
207,7,54,ADMIN_SCM
208,15,54,SUPER_SCM
209,6,54,ADMIN_TOKO
210,15,55,SUPER_SCM
211,17,55,ADMIN_TOKO
212,13,55,ADMIN_SCM
213,4,55,ADMIN_SCM
214,12,56,SUPER_SCM
215,19,56,ADMIN_SCM
216,16,56,ADMIN_TOKO
217,11,57,SUPER_SCM
218,8,57,SUPER_SCM
219,9,57,SUPER_SCM
220,4,58,SUPER_SCM
221,15,58,SUPER_SCM
222,17,59,SUPER_SCM
223,5,59,ADMIN_SCM
224,10,59,ADMIN_SCM
225,4,59,SUPER_SCM
226,17,60,ADMIN_TOKO
227,7,60,SUPER_SCM
228,2,60,ADMIN_SCM
229,17,61,SUPER_SCM
230,17,62,SUPER_SCM
231,1,62,ADMIN_TOKO
232,11,63,SUPER_SCM
233,2,63,ADMIN_TOKO
234,17,63,ADMIN_TOKO
235,20,63,ADMIN_SCM
236,15,64,ADMIN_SCM
237,14,65,ADMIN_SCM
238,7,65,ADMIN_TOKO
239,20,65,ADMIN_SCM
240,19,65,SUPER_SCM
241,14,66,ADMIN_SCM
242,1,67,ADMIN_TOKO
243,11,67,ADMIN_TOKO
244,13,67,ADMIN_SCM
245,10,67,ADMIN_SCM
246,8,67,SUPER_SCM
247,6,68,ADMIN_TOKO
248,18,68,ADMIN_SCM
249,19,68,ADMIN_TOKO
250,7,69,ADMIN_TOKO
251,20,69,ADMIN_SCM
252,15,69,ADMIN_SCM
253,9,70,SUPER_SCM
254,14,70,ADMIN_TOKO
255,18,71,SUPER_SCM
256,1,71,ADMIN_TOKO
257,3,71,SUPER_SCM
258,5,71,ADMIN_TOKO
259,19,72,ADMIN_TOKO
260,6,72,SUPER_SCM
261,6,73,SUPER_SCM
262,13,73,ADMIN_TOKO
263,4,73,ADMIN_SCM
264,16,73,SUPER_SCM
265,15,73,ADMIN_SCM
266,2,74,SUPER_SCM
267,10,75,ADMIN_TOKO
268,19,75,ADMIN_SCM
269,4,75,ADMIN_SCM
270,11,75,ADMIN_TOKO
271,20,75,ADMIN_TOKO
272,1,76,ADMIN_SCM
273,2,77,ADMIN_TOKO
274,5,77,ADMIN_TOKO
275,8,78,SUPER_SCM
276,2,78,ADMIN_TOKO
277,10,79,SUPER_SCM
278,19,79,ADMIN_TOKO
279,3,79,SUPER_SCM
280,20,80,ADMIN_TOKO
281,9,81,ADMIN_TOKO
282,11,81,ADMIN_SCM
283,13,81,ADMIN_SCM
284,17,81,ADMIN_TOKO
285,19,81,ADMIN_TOKO
286,4,82,ADMIN_SCM
287,9,82,ADMIN_SCM
288,14,83,ADMIN_TOKO
289,6,84,ADMIN_SCM
290,20,84,SUPER_SCM
291,17,84,SUPER_SCM
292,10,84,ADMIN_TOKO
293,5,84,SUPER_SCM
294,4,85,SUPER_SCM
295,12,85,ADMIN_SCM
296,6,85,ADMIN_TOKO
297,17,85,SUPER_SCM
298,19,85,SUPER_SCM
299,9,86,ADMIN_TOKO
300,17,87,ADMIN_SCM
301,5,87,ADMIN_SCM
302,12,88,ADMIN_SCM
303,11,88,ADMIN_SCM
304,18,89,ADMIN_SCM
305,16,90,SUPER_SCM
306,11,91,ADMIN_TOKO
307,14,91,SUPER_SCM
308,12,91,ADMIN_SCM
309,7,91,ADMIN_SCM
310,4,91,ADMIN_TOKO
311,14,92,ADMIN_TOKO
312,7,92,ADMIN_TOKO
313,4,92,SUPER_SCM
314,6,92,ADMIN_SCM
315,8,93,ADMIN_TOKO
316,2,93,ADMIN_TOKO
317,9,93,SUPER_SCM
318,1,93,ADMIN_TOKO
319,6,93,ADMIN_SCM
320,16,94,ADMIN_SCM
321,1,94,SUPER_SCM
322,7,94,SUPER_SCM
323,17,95,ADMIN_SCM
324,3,96,ADMIN_SCM
325,16,96,ADMIN_TOKO
326,19,96,ADMIN_SCM
327,16,97,ADMIN_TOKO
328,14,97,ADMIN_TOKO
329,12,98,ADMIN_SCM
330,16,98,SUPER_SCM
331,17,98,ADMIN_SCM
332,7,98,ADMIN_TOKO
333,7,99,ADMIN_TOKO
334,12,99,ADMIN_TOKO
335,16,100,ADMIN_SCM
336,8,101,ADMIN_TOKO
337,8,102,ADMIN_SCM
338,6,102,ADMIN_SCM
339,18,102,SUPER_SCM
340,3,102,ADMIN_SCM
341,13,102,ADMIN_TOKO
342,6,103,SUPER_SCM
343,6,104,ADMIN_TOKO
344,2,105,SUPER_SCM
345,7,105,SUPER_SCM
346,12,105,SUPER_SCM
347,5,105,ADMIN_SCM
348,6,105,ADMIN_SCM
349,18,106,SUPER_SCM
350,19,106,ADMIN_SCM
351,5,106,ADMIN_TOKO
352,20,107,ADMIN_TOKO
353,1,107,ADMIN_SCM
354,13,108,ADMIN_TOKO
355,9,108,ADMIN_SCM
356,12,108,SUPER_SCM
357,5,108,ADMIN_TOKO
358,15,109,SUPER_SCM
359,14,110,ADMIN_TOKO
360,5,110,ADMIN_TOKO
361,18,110,SUPER_SCM
362,16,110,SUPER_SCM
363,1,111,ADMIN_TOKO
364,19,111,SUPER_SCM
365,13,111,ADMIN_TOKO
366,16,111,ADMIN_SCM
367,17,112,SUPER_SCM
368,14,112,ADMIN_SCM
369,12,113,ADMIN_SCM
370,11,113,ADMIN_TOKO
371,15,113,SUPER_SCM
372,20,114,ADMIN_TOKO
373,18,114,ADMIN_TOKO
374,20,115,ADMIN_SCM
375,3,116,SUPER_SCM
376,10,117,ADMIN_SCM
377,6,118,ADMIN_TOKO
378,5,118,ADMIN_SCM
379,20,119,ADMIN_SCM
380,13,119,ADMIN_SCM
381,13,120,SUPER_SCM
382,1,120,ADMIN_SCM
383,14,120,SUPER_SCM
384,9,120,SUPER_SCM
385,11,121,ADMIN_TOKO
386,4,121,SUPER_SCM
387,5,122,SUPER_SCM
388,19,123,ADMIN_TOKO
389,4,124,SUPER_SCM
390,14,125,SUPER_SCM
391,5,125,ADMIN_TOKO
392,12,125,ADMIN_TOKO
393,19,125,SUPER_SCM
394,6,126,ADMIN_SCM
395,7,126,ADMIN_TOKO
396,8,127,SUPER_SCM
397,9,127,ADMIN_TOKO
398,14,128,SUPER_SCM
399,9,128,ADMIN_SCM
400,11,128,SUPER_SCM
401,18,128,ADMIN_TOKO
402,13,129,ADMIN_SCM
403,2,129,ADMIN_SCM
404,20,129,ADMIN_SCM
405,10,130,ADMIN_SCM
406,5,130,ADMIN_TOKO
407,16,130,ADMIN_TOKO
408,7,130,ADMIN_TOKO
409,8,130,SUPER_SCM
410,9,131,ADMIN_TOKO
411,6,131,ADMIN_TOKO
412,12,132,ADMIN_TOKO
413,14,132,ADMIN_TOKO
414,1,133,ADMIN_TOKO
415,17,133,SUPER_SCM
416,5,133,ADMIN_SCM
417,8,133,ADMIN_TOKO
418,6,134,ADMIN_TOKO
419,4,134,SUPER_SCM
420,19,134,ADMIN_SCM
421,13,134,SUPER_SCM
422,14,134,ADMIN_SCM
423,1,135,SUPER_SCM
424,17,135,ADMIN_TOKO
425,1,136,ADMIN_TOKO
426,11,137,ADMIN_TOKO
427,4,138,ADMIN_TOKO
428,14,138,ADMIN_TOKO
429,12,138,ADMIN_TOKO
430,19,139,SUPER_SCM
431,6,139,ADMIN_SCM
432,8,139,ADMIN_SCM
433,7,139,ADMIN_TOKO
434,9,139,SUPER_SCM
435,8,140,ADMIN_SCM
436,15,141,ADMIN_TOKO
437,14,141,ADMIN_SCM
438,16,142,SUPER_SCM
439,5,142,ADMIN_TOKO
440,5,143,ADMIN_TOKO
441,13,143,SUPER_SCM
442,6,143,ADMIN_TOKO
443,20,143,ADMIN_SCM
444,10,143,ADMIN_TOKO
445,15,144,SUPER_SCM
446,16,144,ADMIN_SCM
447,2,144,ADMIN_SCM
448,3,145,ADMIN_TOKO
449,9,145,ADMIN_SCM
450,17,145,SUPER_SCM
451,11,145,ADMIN_TOKO
452,18,146,ADMIN_TOKO
453,7,146,ADMIN_SCM
454,1,146,ADMIN_SCM
455,6,146,ADMIN_SCM
456,12,146,ADMIN_SCM
457,1,147,ADMIN_SCM
458,5,147,SUPER_SCM
459,9,147,SUPER_SCM
460,12,147,SUPER_SCM
461,4,147,ADMIN_TOKO
462,16,148,ADMIN_SCM
463,10,148,ADMIN_TOKO
464,13,149,SUPER_SCM
465,1,149,SUPER_SCM
466,12,149,SUPER_SCM
467,9,149,SUPER_SCM
468,4,149,SUPER_SCM
469,18,150,ADMIN_SCM
470,8,150,SUPER_SCM
471,20,151,SUPER_SCM
472,19,152,ADMIN_SCM
473,12,152,ADMIN_TOKO
474,11,153,SUPER_SCM
475,16,153,ADMIN_SCM
476,18,153,SUPER_SCM
477,19,153,ADMIN_SCM
478,2,154,ADMIN_TOKO
479,5,154,SUPER_SCM
480,15,154,ADMIN_TOKO
481,3,154,SUPER_SCM
482,12,154,ADMIN_SCM
483,4,155,ADMIN_TOKO
484,10,155,ADMIN_SCM
485,12,156,SUPER_SCM
486,6,156,ADMIN_TOKO
487,19,156,SUPER_SCM
488,1,156,ADMIN_TOKO
489,17,157,ADMIN_SCM
490,10,158,SUPER_SCM
491,6,158,ADMIN_SCM
492,10,159,ADMIN_TOKO
493,8,159,ADMIN_TOKO
494,4,159,SUPER_SCM
495,11,159,ADMIN_TOKO
496,2,159,ADMIN_TOKO
497,4,160,SUPER_SCM
498,19,160,ADMIN_SCM
499,10,160,SUPER_SCM
500,17,160,SUPER_SCM
501,18,160,ADMIN_TOKO
502,11,161,SUPER_SCM
503,8,162,ADMIN_TOKO
504,2,162,ADMIN_SCM
505,3,163,ADMIN_TOKO
506,12,163,SUPER_SCM
507,17,163,ADMIN_TOKO
508,1,163,ADMIN_SCM
509,11,164,ADMIN_TOKO
510,5,164,ADMIN_TOKO
511,13,164,ADMIN_TOKO
512,12,165,ADMIN_SCM
513,14,166,ADMIN_SCM
514,5,166,ADMIN_TOKO
515,1,166,ADMIN_TOKO
516,12,166,SUPER_SCM
517,11,166,ADMIN_SCM
518,10,167,ADMIN_SCM
519,4,167,ADMIN_SCM
520,9,167,ADMIN_SCM
521,2,168,ADMIN_TOKO
522,1,169,ADMIN_SCM
523,12,169,ADMIN_SCM
524,9,170,ADMIN_TOKO
525,19,170,ADMIN_TOKO
526,8,170,SUPER_SCM
527,16,171,ADMIN_TOKO
528,12,171,ADMIN_SCM
529,16,172,SUPER_SCM
530,8,172,SUPER_SCM
531,1,173,ADMIN_SCM
532,3,173,SUPER_SCM
533,10,173,SUPER_SCM
534,18,173,ADMIN_SCM
535,15,174,ADMIN_TOKO
536,9,174,SUPER_SCM
537,12,175,SUPER_SCM
538,15,175,ADMIN_SCM
539,5,175,SUPER_SCM
540,14,175,ADMIN_SCM
541,16,176,ADMIN_TOKO
542,13,177,SUPER_SCM
543,4,177,ADMIN_TOKO
544,2,177,ADMIN_SCM
545,12,177,ADMIN_TOKO
546,17,177,SUPER_SCM
547,6,178,ADMIN_SCM
548,14,178,ADMIN_SCM
549,19,178,ADMIN_TOKO
550,3,179,ADMIN_SCM
551,18,179,ADMIN_TOKO
552,17,180,ADMIN_SCM
553,19,180,ADMIN_TOKO
554,15,180,ADMIN_SCM
555,20,180,SUPER_SCM
556,7,180,ADMIN_SCM
557,4,181,ADMIN_TOKO
558,14,181,ADMIN_TOKO
559,2,181,ADMIN_TOKO
560,8,181,SUPER_SCM
561,5,181,ADMIN_SCM
562,3,182,ADMIN_TOKO
563,20,182,SUPER_SCM
564,7,182,ADMIN_SCM
565,14,182,ADMIN_SCM
566,9,182,ADMIN_SCM
567,10,183,ADMIN_TOKO
568,4,183,ADMIN_SCM
569,20,183,SUPER_SCM
570,18,183,ADMIN_TOKO
571,14,184,SUPER_SCM
572,18,184,ADMIN_TOKO
573,1,184,ADMIN_SCM
574,17,184,ADMIN_TOKO
575,13,185,ADMIN_TOKO
576,16,185,ADMIN_SCM
577,18,185,ADMIN_TOKO
578,3,185,SUPER_SCM
579,4,186,ADMIN_TOKO
580,12,186,SUPER_SCM
581,2,186,ADMIN_SCM
582,7,186,SUPER_SCM
583,2,187,ADMIN_SCM
584,11,187,ADMIN_SCM
585,3,187,ADMIN_SCM
586,9,188,ADMIN_SCM
587,20,188,SUPER_SCM
588,5,188,ADMIN_TOKO
589,20,189,ADMIN_TOKO
590,10,189,SUPER_SCM
591,4,189,SUPER_SCM
592,12,189,ADMIN_TOKO
593,15,189,SUPER_SCM
594,1,190,SUPER_SCM
595,17,190,SUPER_SCM
596,18,190,SUPER_SCM
597,9,190,SUPER_SCM
598,5,191,SUPER_SCM
599,17,191,ADMIN_SCM
600,20,191,SUPER_SCM
601,13,191,ADMIN_TOKO
602,15,192,ADMIN_SCM
603,16,192,ADMIN_TOKO
604,7,192,ADMIN_TOKO
605,2,192,ADMIN_TOKO
606,4,193,ADMIN_TOKO
607,12,193,ADMIN_TOKO
608,11,193,ADMIN_SCM
609,14,193,ADMIN_SCM
610,12,194,ADMIN_SCM
611,13,194,ADMIN_SCM
612,11,194,ADMIN_SCM
613,16,194,ADMIN_TOKO
614,19,195,ADMIN_TOKO
615,10,196,ADMIN_SCM
616,6,196,SUPER_SCM
617,10,197,SUPER_SCM
618,2,197,SUPER_SCM
619,6,198,SUPER_SCM
620,14,198,ADMIN_TOKO
621,14,199,ADMIN_SCM
622,7,199,SUPER_SCM
623,1,199,ADMIN_SCM
624,18,200,ADMIN_SCM
625,13,201,ADMIN_TOKO
626,19,201,ADMIN_SCM
627,20,202,ADMIN_SCM
628,9,202,ADMIN_TOKO
629,6,202,SUPER_SCM
630,12,202,SUPER_SCM
631,10,202,ADMIN_TOKO
632,6,203,ADMIN_TOKO
633,18,203,ADMIN_TOKO
634,8,203,ADMIN_TOKO
635,12,203,SUPER_SCM
636,4,204,ADMIN_SCM
637,19,205,ADMIN_SCM
638,12,205,ADMIN_SCM
639,20,206,ADMIN_SCM
640,14,206,SUPER_SCM
641,19,207,ADMIN_TOKO
642,17,207,ADMIN_TOKO
643,8,207,ADMIN_TOKO
644,2,208,ADMIN_SCM
645,13,208,ADMIN_TOKO
646,6,208,ADMIN_SCM
647,14,209,SUPER_SCM
648,2,210,SUPER_SCM
649,18,210,SUPER_SCM
650,16,211,ADMIN_SCM
651,3,211,ADMIN_TOKO
652,5,212,ADMIN_SCM
653,15,212,ADMIN_SCM
654,19,212,ADMIN_SCM
655,14,212,ADMIN_SCM
656,4,213,SUPER_SCM
657,17,213,SUPER_SCM
658,13,213,SUPER_SCM
659,12,213,ADMIN_TOKO
660,6,213,ADMIN_TOKO
661,3,214,ADMIN_TOKO
662,14,214,SUPER_SCM
663,7,214,ADMIN_TOKO
664,12,214,SUPER_SCM
665,19,214,ADMIN_SCM
666,13,215,ADMIN_SCM
667,15,215,ADMIN_TOKO
668,1,216,SUPER_SCM
669,6,216,ADMIN_SCM
670,14,216,ADMIN_SCM
671,8,217,ADMIN_SCM
672,7,217,ADMIN_TOKO
673,15,217,ADMIN_SCM
674,15,218,ADMIN_SCM
675,2,219,ADMIN_TOKO
676,15,219,SUPER_SCM
677,14,219,ADMIN_SCM
678,19,219,SUPER_SCM
679,10,219,SUPER_SCM
680,13,220,ADMIN_SCM
681,17,221,ADMIN_SCM
682,4,221,ADMIN_SCM
683,19,221,ADMIN_TOKO
684,2,221,ADMIN_TOKO
685,1,221,ADMIN_TOKO
686,3,222,ADMIN_SCM
687,15,222,ADMIN_TOKO
688,1,222,SUPER_SCM
689,7,222,ADMIN_SCM
690,18,222,SUPER_SCM
691,3,223,ADMIN_SCM
692,16,223,SUPER_SCM
693,19,223,ADMIN_SCM
694,5,223,ADMIN_TOKO
695,17,223,ADMIN_TOKO
696,9,224,SUPER_SCM
697,8,224,ADMIN_SCM
698,3,225,SUPER_SCM
699,1,225,SUPER_SCM
700,10,226,SUPER_SCM
701,4,226,SUPER_SCM
702,1,227,ADMIN_TOKO
703,20,227,SUPER_SCM
704,12,228,SUPER_SCM
705,7,229,SUPER_SCM
706,16,229,ADMIN_TOKO
707,2,230,SUPER_SCM
708,19,230,ADMIN_SCM
709,6,231,SUPER_SCM
710,20,231,SUPER_SCM
711,5,231,ADMIN_SCM
712,10,232,ADMIN_TOKO
713,6,233,ADMIN_SCM
714,15,233,SUPER_SCM
715,1,233,ADMIN_TOKO
716,19,233,ADMIN_TOKO
717,11,233,SUPER_SCM
718,2,234,SUPER_SCM
719,17,234,ADMIN_TOKO
720,4,234,SUPER_SCM
721,15,235,ADMIN_SCM
722,11,235,SUPER_SCM
723,8,235,SUPER_SCM
724,7,235,ADMIN_SCM
725,2,236,ADMIN_SCM
726,4,236,SUPER_SCM
727,3,236,ADMIN_SCM
728,17,236,ADMIN_TOKO
729,7,236,SUPER_SCM
730,6,237,SUPER_SCM
731,5,237,ADMIN_TOKO
732,4,237,SUPER_SCM
733,13,238,ADMIN_TOKO
734,12,238,ADMIN_TOKO
735,3,239,SUPER_SCM
736,18,239,ADMIN_SCM
737,13,239,SUPER_SCM
738,14,239,ADMIN_SCM
739,5,239,ADMIN_TOKO
740,12,240,ADMIN_SCM
741,17,241,SUPER_SCM
742,18,241,SUPER_SCM
743,15,241,ADMIN_SCM
744,4,242,ADMIN_TOKO
745,18,242,ADMIN_TOKO
746,1,242,ADMIN_SCM
747,14,242,SUPER_SCM
748,6,242,SUPER_SCM
749,2,243,SUPER_SCM
750,10,243,ADMIN_TOKO
751,13,244,ADMIN_TOKO
752,4,244,SUPER_SCM
753,15,244,ADMIN_TOKO
754,4,245,SUPER_SCM
755,16,246,ADMIN_TOKO
756,18,246,ADMIN_TOKO
757,6,247,ADMIN_TOKO
758,8,247,ADMIN_SCM
759,2,247,ADMIN_SCM
760,11,247,ADMIN_SCM
761,16,247,ADMIN_SCM
762,2,248,ADMIN_SCM
763,18,248,SUPER_SCM
764,19,249,ADMIN_TOKO
765,14,249,SUPER_SCM
766,6,250,ADMIN_SCM
767,7,250,SUPER_SCM
768,17,250,ADMIN_TOKO
769,13,251,SUPER_SCM
770,2,251,ADMIN_TOKO
771,8,252,ADMIN_TOKO
772,3,252,SUPER_SCM
773,14,252,ADMIN_SCM
774,14,253,ADMIN_SCM
775,13,253,SUPER_SCM
776,8,253,ADMIN_TOKO
777,10,254,SUPER_SCM
778,11,254,ADMIN_TOKO
779,13,255,SUPER_SCM
780,11,255,ADMIN_TOKO
781,10,255,ADMIN_TOKO
782,20,255,SUPER_SCM
783,15,256,ADMIN_TOKO
784,4,256,ADMIN_SCM
785,11,257,ADMIN_TOKO
786,15,258,SUPER_SCM
787,12,258,SUPER_SCM
788,14,258,ADMIN_TOKO
789,9,258,ADMIN_SCM
790,7,258,ADMIN_SCM
791,18,259,SUPER_SCM
792,2,259,ADMIN_TOKO
793,9,260,ADMIN_SCM
794,13,260,ADMIN_SCM
795,12,260,SUPER_SCM
796,17,261,ADMIN_TOKO
797,9,261,ADMIN_TOKO
798,20,261,ADMIN_TOKO
799,6,261,ADMIN_TOKO
800,5,261,ADMIN_SCM
801,10,262,ADMIN_TOKO
802,3,263,ADMIN_SCM
803,15,263,SUPER_SCM
804,7,263,SUPER_SCM
805,12,263,SUPER_SCM
806,10,264,ADMIN_SCM
807,12,264,ADMIN_SCM
808,17,265,SUPER_SCM
809,3,266,ADMIN_TOKO
810,1,266,SUPER_SCM
811,14,266,SUPER_SCM
812,8,266,ADMIN_TOKO
813,17,266,ADMIN_TOKO
814,2,267,ADMIN_TOKO
815,8,267,ADMIN_TOKO
816,17,268,SUPER_SCM
817,3,268,SUPER_SCM
818,16,269,SUPER_SCM
819,11,269,SUPER_SCM
820,18,269,ADMIN_SCM
821,8,269,ADMIN_TOKO
822,8,270,ADMIN_TOKO
823,3,270,ADMIN_SCM
824,20,271,ADMIN_SCM
825,14,271,SUPER_SCM
826,7,271,ADMIN_TOKO
827,12,271,SUPER_SCM
828,5,271,ADMIN_SCM
829,20,272,ADMIN_SCM
830,16,272,ADMIN_SCM
831,4,272,SUPER_SCM
832,1,272,SUPER_SCM
833,14,273,SUPER_SCM
834,20,273,SUPER_SCM
835,7,273,ADMIN_TOKO
836,18,273,ADMIN_SCM
837,13,274,ADMIN_TOKO
838,9,274,ADMIN_SCM
839,11,275,ADMIN_SCM
840,16,276,ADMIN_SCM
841,19,276,ADMIN_SCM
842,12,277,ADMIN_TOKO
843,16,277,ADMIN_SCM
844,17,278,ADMIN_SCM
845,9,278,ADMIN_TOKO
846,11,278,SUPER_SCM
847,6,278,ADMIN_SCM
848,17,279,ADMIN_TOKO
849,2,279,ADMIN_SCM
850,12,279,SUPER_SCM
851,16,279,ADMIN_TOKO
852,7,280,SUPER_SCM
853,11,280,ADMIN_SCM
854,3,281,SUPER_SCM
855,20,281,ADMIN_TOKO
856,2,281,ADMIN_TOKO
857,10,281,SUPER_SCM
858,13,281,SUPER_SCM
859,18,282,ADMIN_TOKO
860,19,282,ADMIN_SCM
861,5,282,SUPER_SCM
862,12,282,ADMIN_TOKO
863,17,282,ADMIN_TOKO
864,8,283,ADMIN_TOKO
865,3,283,ADMIN_TOKO
866,10,284,ADMIN_SCM
867,5,284,ADMIN_TOKO
868,4,284,SUPER_SCM
869,19,285,ADMIN_TOKO
870,17,285,SUPER_SCM
871,6,286,ADMIN_SCM
872,15,286,ADMIN_SCM
873,16,286,SUPER_SCM
874,7,286,ADMIN_SCM
875,4,287,ADMIN_SCM
876,12,287,SUPER_SCM
877,5,287,ADMIN_TOKO
878,15,287,ADMIN_TOKO
879,10,288,ADMIN_TOKO
880,1,289,ADMIN_TOKO
881,18,289,ADMIN_SCM
882,3,289,SUPER_SCM
883,8,290,ADMIN_TOKO
884,3,290,ADMIN_TOKO
885,4,290,SUPER_SCM
886,1,290,ADMIN_TOKO
887,15,291,ADMIN_SCM
888,13,291,ADMIN_TOKO
889,2,291,SUPER_SCM
890,12,292,SUPER_SCM
891,13,292,ADMIN_TOKO
892,4,292,SUPER_SCM
893,5,293,SUPER_SCM
894,8,293,ADMIN_TOKO
895,4,293,ADMIN_SCM
896,7,294,ADMIN_SCM
897,10,295,ADMIN_SCM
898,7,296,ADMIN_TOKO
899,14,297,SUPER_SCM
900,5,297,ADMIN_TOKO
901,19,297,SUPER_SCM
902,19,298,SUPER_SCM
903,18,298,ADMIN_SCM
904,12,299,ADMIN_TOKO
905,17,300,SUPER_SCM
906,2,300,SUPER_SCM
907,20,300,ADMIN_SCM
908,15,301,ADMIN_TOKO
909,4,301,ADMIN_TOKO
910,1,301,ADMIN_TOKO
911,10,301,ADMIN_TOKO
912,5,301,SUPER_SCM
913,5,302,ADMIN_SCM
914,12,302,ADMIN_TOKO
915,8,303,SUPER_SCM
916,16,303,ADMIN_SCM
917,18,303,ADMIN_TOKO
918,17,303,ADMIN_SCM
919,20,304,ADMIN_TOKO
920,8,304,ADMIN_TOKO
921,12,304,SUPER_SCM
922,7,304,SUPER_SCM
923,13,304,SUPER_SCM
924,16,305,SUPER_SCM
925,10,305,ADMIN_SCM
926,15,306,ADMIN_TOKO
927,20,306,SUPER_SCM
928,9,306,SUPER_SCM
929,6,306,ADMIN_TOKO
930,1,307,SUPER_SCM
931,11,307,ADMIN_TOKO
932,10,307,SUPER_SCM
933,7,307,ADMIN_SCM
934,9,307,ADMIN_SCM
935,3,308,ADMIN_TOKO
936,9,308,SUPER_SCM
937,2,308,SUPER_SCM
938,6,308,ADMIN_SCM
939,10,308,ADMIN_TOKO
940,12,309,ADMIN_SCM
941,10,309,ADMIN_TOKO
942,10,310,SUPER_SCM
943,9,310,ADMIN_TOKO
944,12,310,ADMIN_SCM
945,5,310,SUPER_SCM
946,13,310,ADMIN_TOKO
947,16,311,ADMIN_SCM
948,4,311,ADMIN_SCM
949,10,311,ADMIN_SCM
950,8,311,SUPER_SCM
951,1,311,SUPER_SCM
952,3,312,ADMIN_SCM
953,9,313,ADMIN_SCM
954,10,313,SUPER_SCM
955,1,313,SUPER_SCM
956,9,314,ADMIN_TOKO
957,3,314,ADMIN_TOKO
958,8,315,ADMIN_SCM
959,20,315,ADMIN_SCM
960,2,315,SUPER_SCM
961,16,315,ADMIN_TOKO
962,7,315,ADMIN_TOKO
963,11,316,ADMIN_SCM
964,20,316,ADMIN_TOKO
965,5,316,ADMIN_SCM
966,12,316,SUPER_SCM
967,6,316,SUPER_SCM
968,9,317,ADMIN_SCM
969,19,317,ADMIN_TOKO
970,4,317,SUPER_SCM
971,20,317,ADMIN_SCM
972,12,317,ADMIN_TOKO
973,15,318,ADMIN_SCM
974,1,318,ADMIN_TOKO
975,4,319,SUPER_SCM
976,20,319,ADMIN_TOKO
977,2,319,ADMIN_TOKO
978,2,320,SUPER_SCM
979,8,320,ADMIN_TOKO
980,20,321,ADMIN_SCM
981,4,321,SUPER_SCM
982,9,322,SUPER_SCM
983,14,322,ADMIN_SCM
984,13,322,ADMIN_TOKO
985,6,322,SUPER_SCM
986,12,323,ADMIN_TOKO
987,5,324,ADMIN_TOKO
988,15,324,ADMIN_TOKO
989,8,324,ADMIN_SCM
990,1,324,SUPER_SCM
991,18,324,ADMIN_SCM
992,6,325,ADMIN_SCM
993,7,326,ADMIN_TOKO
994,8,326,ADMIN_SCM
995,11,326,SUPER_SCM
996,10,326,ADMIN_TOKO
997,4,326,SUPER_SCM
998,6,327,ADMIN_TOKO
999,3,327,SUPER_SCM
1000,19,327,ADMIN_SCM
1001,12,327,ADMIN_TOKO
1002,11,327,ADMIN_SCM
1003,5,328,ADMIN_TOKO
1004,19,329,ADMIN_SCM
1005,20,329,ADMIN_TOKO
1006,18,330,SUPER_SCM
1007,20,330,ADMIN_TOKO
1008,15,330,ADMIN_TOKO
1009,13,330,ADMIN_SCM
1010,8,331,SUPER_SCM
1011,13,331,ADMIN_SCM
1012,17,332,ADMIN_TOKO
1013,17,333,ADMIN_TOKO
1014,9,333,ADMIN_SCM
1015,11,333,ADMIN_TOKO
1016,10,333,ADMIN_TOKO
1017,12,333,SUPER_SCM
1018,11,334,SUPER_SCM
1019,18,334,ADMIN_SCM
1020,1,334,ADMIN_TOKO
1021,3,335,SUPER_SCM
1022,4,336,ADMIN_SCM
1023,5,336,SUPER_SCM
1024,8,336,ADMIN_TOKO
1025,1,336,ADMIN_TOKO
1026,10,336,ADMIN_TOKO
1027,17,337,SUPER_SCM
1028,14,338,ADMIN_TOKO
1029,5,338,ADMIN_TOKO
1030,18,338,SUPER_SCM
1031,3,338,ADMIN_SCM
1032,9,339,ADMIN_TOKO
1033,17,339,ADMIN_TOKO
1034,20,340,ADMIN_TOKO
1035,17,340,ADMIN_TOKO
1036,3,341,ADMIN_TOKO
1037,14,342,ADMIN_TOKO
1038,18,342,ADMIN_TOKO
1039,10,342,SUPER_SCM
1040,13,343,SUPER_SCM
1041,12,343,ADMIN_SCM
1042,9,343,ADMIN_TOKO
1043,8,343,ADMIN_TOKO
1044,17,343,ADMIN_TOKO
1045,2,344,ADMIN_SCM
1046,17,344,SUPER_SCM
1047,18,345,ADMIN_TOKO
1048,2,345,ADMIN_TOKO
1049,20,345,ADMIN_TOKO
1050,17,345,ADMIN_SCM
1051,13,346,SUPER_SCM
1052,10,346,SUPER_SCM
1053,14,346,SUPER_SCM
1054,1,347,ADMIN_TOKO
1055,14,347,ADMIN_SCM
1056,20,347,ADMIN_SCM
1057,10,348,ADMIN_TOKO
1058,4,348,SUPER_SCM
1059,16,348,ADMIN_TOKO
1060,2,348,ADMIN_SCM
1061,5,348,ADMIN_SCM
1062,13,349,ADMIN_TOKO
1063,7,349,SUPER_SCM
1064,20,350,ADMIN_TOKO
1065,19,350,ADMIN_SCM
1066,16,351,ADMIN_SCM
1067,12,352,ADMIN_TOKO
1068,10,352,ADMIN_SCM
1069,4,352,ADMIN_SCM
1070,2,353,SUPER_SCM
1071,10,353,SUPER_SCM
1072,14,353,ADMIN_SCM
1073,11,353,ADMIN_TOKO
1074,17,354,SUPER_SCM
1075,16,354,ADMIN_SCM
1076,5,354,ADMIN_TOKO
1077,6,355,SUPER_SCM
1078,3,355,ADMIN_SCM
1079,17,355,SUPER_SCM
1080,1,355,ADMIN_SCM
1081,8,356,ADMIN_SCM
1082,15,356,ADMIN_SCM
1083,19,356,ADMIN_TOKO
1084,2,356,ADMIN_TOKO
1085,5,356,ADMIN_TOKO
1086,12,357,ADMIN_SCM
1087,14,357,SUPER_SCM
1088,2,357,SUPER_SCM
1089,4,357,SUPER_SCM
1090,6,357,SUPER_SCM
1091,2,358,ADMIN_TOKO
1092,20,358,SUPER_SCM
1093,14,358,ADMIN_SCM
1094,17,359,SUPER_SCM
1095,9,359,ADMIN_TOKO
1096,1,359,ADMIN_SCM
1097,3,359,ADMIN_TOKO
1098,15,359,ADMIN_TOKO
1099,2,360,SUPER_SCM
1100,17,361,ADMIN_TOKO
1101,4,361,ADMIN_TOKO
1102,11,361,SUPER_SCM
1103,16,361,SUPER_SCM
1104,8,362,ADMIN_SCM
1105,11,362,ADMIN_TOKO
1106,3,362,SUPER_SCM
1107,16,362,ADMIN_TOKO
1108,15,363,ADMIN_SCM
1109,8,363,ADMIN_TOKO
1110,3,363,SUPER_SCM
1111,6,364,ADMIN_SCM
1112,19,364,ADMIN_TOKO
1113,10,365,SUPER_SCM
1114,1,365,ADMIN_SCM
1115,6,365,ADMIN_TOKO
1116,18,365,SUPER_SCM
1117,17,365,SUPER_SCM
1118,18,366,SUPER_SCM
1119,12,367,SUPER_SCM
1120,6,367,ADMIN_SCM
1121,18,367,ADMIN_SCM
1122,2,367,ADMIN_TOKO
1123,9,368,ADMIN_TOKO
1124,16,368,ADMIN_TOKO
1125,1,368,ADMIN_SCM
1126,11,369,ADMIN_SCM
1127,1,369,SUPER_SCM
1128,7,370,ADMIN_TOKO
1129,18,370,SUPER_SCM
1130,9,370,SUPER_SCM
1131,8,371,ADMIN_TOKO
1132,6,371,ADMIN_TOKO
1133,3,371,SUPER_SCM
1134,18,372,ADMIN_SCM
1135,13,372,SUPER_SCM
1136,10,372,ADMIN_SCM
1137,7,372,SUPER_SCM
1138,4,372,ADMIN_TOKO
1139,14,373,ADMIN_SCM
1140,18,373,ADMIN_SCM
1141,15,373,ADMIN_TOKO
1142,11,373,ADMIN_TOKO
1143,13,374,ADMIN_TOKO
1144,1,374,ADMIN_TOKO
1145,5,374,ADMIN_TOKO
1146,17,374,SUPER_SCM
1147,20,374,ADMIN_TOKO
1148,5,375,ADMIN_TOKO
1149,12,375,ADMIN_SCM
1150,15,376,ADMIN_TOKO
1151,16,376,SUPER_SCM
1152,10,376,ADMIN_TOKO
1153,19,376,ADMIN_SCM
1154,7,376,SUPER_SCM
1155,5,377,ADMIN_TOKO
1156,9,377,ADMIN_TOKO
1157,13,378,ADMIN_TOKO
1158,6,378,ADMIN_SCM
1159,19,378,ADMIN_TOKO
1160,18,378,SUPER_SCM
1161,5,379,ADMIN_SCM
1162,1,379,ADMIN_TOKO
1163,10,379,ADMIN_SCM
1164,11,379,ADMIN_TOKO
1165,20,379,ADMIN_SCM
1166,9,380,SUPER_SCM
1167,3,380,ADMIN_TOKO
1168,7,380,ADMIN_TOKO
1169,20,380,ADMIN_SCM
1170,15,381,ADMIN_SCM
1171,6,381,SUPER_SCM
1172,14,381,ADMIN_SCM
1173,1,381,ADMIN_TOKO
1174,20,381,ADMIN_TOKO
1175,6,382,SUPER_SCM
1176,15,383,ADMIN_TOKO
1177,2,383,ADMIN_SCM
1178,19,383,ADMIN_TOKO
1179,5,383,SUPER_SCM
1180,1,384,SUPER_SCM
1181,6,384,ADMIN_SCM
1182,18,385,ADMIN_SCM
1183,14,386,ADMIN_SCM
1184,4,386,SUPER_SCM
1185,11,386,ADMIN_SCM
1186,18,386,SUPER_SCM
1187,7,387,ADMIN_SCM
1188,1,388,SUPER_SCM
1189,19,388,ADMIN_TOKO
1190,2,388,ADMIN_SCM
1191,20,388,SUPER_SCM
1192,4,388,SUPER_SCM
1193,8,389,ADMIN_TOKO
1194,7,390,ADMIN_SCM
1195,18,390,SUPER_SCM
1196,12,391,ADMIN_SCM
1197,19,391,ADMIN_TOKO
1198,1,391,SUPER_SCM
1199,11,391,ADMIN_SCM
1200,13,391,ADMIN_TOKO
1201,3,392,ADMIN_SCM
1202,8,392,SUPER_SCM
1203,15,393,ADMIN_TOKO
1204,18,393,SUPER_SCM
1205,2,393,SUPER_SCM
1206,3,393,SUPER_SCM
1207,12,394,ADMIN_TOKO
1208,2,394,SUPER_SCM
1209,9,394,ADMIN_SCM
1210,5,394,ADMIN_SCM
1211,9,395,ADMIN_SCM
1212,16,395,ADMIN_SCM
1213,13,395,ADMIN_TOKO
1214,3,395,ADMIN_TOKO
1215,2,395,SUPER_SCM
1216,6,396,ADMIN_TOKO
1217,12,397,ADMIN_TOKO
1218,16,397,ADMIN_TOKO
1219,14,397,ADMIN_TOKO
1220,15,397,SUPER_SCM
1221,5,398,SUPER_SCM
1222,14,398,ADMIN_TOKO
1223,3,399,SUPER_SCM
1224,8,399,SUPER_SCM
1225,2,400,ADMIN_SCM
1226,6,400,SUPER_SCM
1227,3,400,SUPER_SCM
1228,18,401,SUPER_SCM
1229,9,402,ADMIN_SCM
1230,11,402,SUPER_SCM
1231,4,402,SUPER_SCM
1232,17,403,ADMIN_SCM
1233,16,403,ADMIN_TOKO
1234,7,403,ADMIN_SCM
1235,13,404,SUPER_SCM
1236,4,404,ADMIN_TOKO
1237,3,405,SUPER_SCM
1238,4,406,ADMIN_TOKO
1239,7,406,ADMIN_SCM
1240,20,406,ADMIN_SCM
1241,5,407,ADMIN_SCM
1242,6,407,SUPER_SCM
1243,13,407,ADMIN_TOKO
1244,17,407,SUPER_SCM
1245,11,407,SUPER_SCM
1246,2,408,ADMIN_SCM
1247,7,408,ADMIN_SCM
1248,1,408,SUPER_SCM
1249,6,408,SUPER_SCM
1250,20,409,ADMIN_SCM
1251,19,409,ADMIN_TOKO
1252,18,409,SUPER_SCM
1253,4,409,ADMIN_TOKO
1254,5,409,ADMIN_TOKO
1255,7,410,ADMIN_TOKO
1256,15,410,ADMIN_TOKO
1257,19,410,ADMIN_TOKO
1258,16,410,ADMIN_TOKO
1259,7,411,ADMIN_TOKO
1260,20,411,ADMIN_SCM
1261,2,411,ADMIN_TOKO
1262,17,412,SUPER_SCM
1263,16,412,SUPER_SCM
1264,8,412,ADMIN_SCM
1265,19,413,ADMIN_SCM
1266,2,413,ADMIN_SCM
1267,18,413,ADMIN_TOKO
1268,8,413,ADMIN_SCM
1269,17,414,SUPER_SCM
1270,14,414,ADMIN_SCM
1271,10,414,SUPER_SCM
1272,13,414,SUPER_SCM
1273,8,414,ADMIN_TOKO
1274,6,415,ADMIN_TOKO
1275,19,415,ADMIN_SCM
1276,14,415,ADMIN_TOKO
1277,17,415,ADMIN_SCM
1278,20,416,ADMIN_SCM
1279,11,416,SUPER_SCM
1280,17,416,ADMIN_SCM
1281,19,416,ADMIN_SCM
1282,2,417,ADMIN_SCM
1283,9,417,ADMIN_SCM
1284,8,418,ADMIN_SCM
1285,19,419,SUPER_SCM
1286,9,420,ADMIN_SCM
1287,2,420,ADMIN_SCM
1288,4,420,ADMIN_SCM
1289,6,420,ADMIN_SCM
1290,5,420,ADMIN_TOKO
1291,3,421,SUPER_SCM
1292,14,422,ADMIN_TOKO
1293,18,422,SUPER_SCM
1294,13,423,ADMIN_TOKO
1295,8,424,SUPER_SCM
1296,10,425,ADMIN_SCM
1297,7,425,ADMIN_SCM
1298,4,426,SUPER_SCM
1299,8,426,ADMIN_SCM
1300,10,426,ADMIN_SCM
1301,5,426,SUPER_SCM
1302,20,427,ADMIN_SCM
1303,8,427,ADMIN_TOKO
1304,3,428,ADMIN_TOKO
1305,17,428,SUPER_SCM
1306,15,429,SUPER_SCM
1307,8,430,ADMIN_TOKO
1308,7,430,SUPER_SCM
1309,11,431,ADMIN_TOKO
1310,13,431,ADMIN_SCM
1311,20,431,ADMIN_TOKO
1312,17,431,SUPER_SCM
1313,8,432,ADMIN_SCM
1314,10,432,SUPER_SCM
1315,3,432,ADMIN_SCM
1316,7,433,SUPER_SCM
1317,2,433,SUPER_SCM
1318,20,433,ADMIN_SCM
1319,13,433,ADMIN_TOKO
1320,5,433,SUPER_SCM
1321,20,434,ADMIN_SCM
1322,19,434,ADMIN_SCM
1323,6,434,SUPER_SCM
1324,7,434,ADMIN_TOKO
1325,12,434,ADMIN_TOKO
1326,7,435,ADMIN_SCM
1327,13,435,ADMIN_SCM
1328,10,436,SUPER_SCM
1329,13,436,ADMIN_TOKO
1330,1,437,SUPER_SCM
1331,5,437,ADMIN_TOKO
1332,5,438,ADMIN_TOKO
1333,10,438,SUPER_SCM
1334,18,438,SUPER_SCM
1335,18,439,SUPER_SCM
1336,16,439,ADMIN_TOKO
1337,8,439,ADMIN_TOKO
1338,7,440,SUPER_SCM
1339,20,440,ADMIN_SCM
1340,10,440,ADMIN_SCM
1341,13,441,SUPER_SCM
1342,6,441,ADMIN_SCM
1343,12,441,ADMIN_SCM
1344,4,441,ADMIN_TOKO
1345,20,442,SUPER_SCM
1346,7,442,ADMIN_SCM
1347,2,442,ADMIN_SCM
1348,9,442,ADMIN_TOKO
1349,5,442,ADMIN_SCM
1350,18,443,ADMIN_TOKO
1351,20,443,ADMIN_SCM
1352,4,443,SUPER_SCM
1353,5,444,ADMIN_TOKO
1354,20,444,ADMIN_TOKO
1355,10,444,ADMIN_TOKO
1356,9,444,SUPER_SCM
1357,13,444,ADMIN_SCM
1358,14,445,ADMIN_TOKO
1359,7,445,ADMIN_TOKO
1360,16,445,SUPER_SCM
1361,7,446,SUPER_SCM
1362,17,447,ADMIN_SCM
1363,7,447,ADMIN_TOKO
1364,18,448,ADMIN_SCM
1365,2,448,ADMIN_SCM
1366,19,449,ADMIN_SCM
1367,7,450,SUPER_SCM
1368,8,450,ADMIN_TOKO
1369,10,450,ADMIN_SCM
1370,15,451,SUPER_SCM
1371,4,451,ADMIN_TOKO
1372,13,451,ADMIN_SCM
1373,8,452,ADMIN_SCM
1374,9,453,SUPER_SCM
1375,9,454,ADMIN_SCM
1376,15,454,ADMIN_SCM
1377,12,454,ADMIN_TOKO
1378,2,454,SUPER_SCM
1379,1,454,SUPER_SCM
1380,1,455,ADMIN_SCM
1381,20,456,SUPER_SCM
1382,16,456,SUPER_SCM
1383,17,456,ADMIN_SCM
1384,15,457,ADMIN_SCM
1385,13,457,ADMIN_SCM
1386,19,457,SUPER_SCM
1387,6,457,ADMIN_TOKO
1388,7,458,SUPER_SCM
1389,12,459,ADMIN_TOKO
1390,13,459,ADMIN_TOKO
1391,19,460,SUPER_SCM
1392,13,460,SUPER_SCM
1393,16,460,ADMIN_TOKO
1394,14,460,ADMIN_TOKO
1395,9,460,ADMIN_SCM
1396,16,461,ADMIN_SCM
1397,20,461,ADMIN_TOKO
1398,14,461,ADMIN_SCM
1399,17,461,ADMIN_TOKO
1400,18,462,SUPER_SCM
1401,11,463,ADMIN_TOKO
1402,20,463,SUPER_SCM
1403,20,464,ADMIN_SCM
1404,6,464,ADMIN_TOKO
1405,16,464,ADMIN_TOKO
1406,11,464,SUPER_SCM
1407,10,464,ADMIN_TOKO
1408,18,465,SUPER_SCM
1409,11,466,ADMIN_SCM
1410,17,467,ADMIN_SCM
1411,7,467,ADMIN_SCM
1412,12,467,SUPER_SCM
1413,2,467,ADMIN_SCM
1414,1,468,ADMIN_SCM
1415,20,468,ADMIN_TOKO
1416,13,468,ADMIN_SCM
1417,14,468,SUPER_SCM
1418,17,468,ADMIN_TOKO
1419,9,469,ADMIN_TOKO
1420,10,469,ADMIN_TOKO
1421,13,469,SUPER_SCM
1422,12,470,SUPER_SCM
1423,8,470,ADMIN_SCM
1424,1,470,ADMIN_TOKO
1425,16,470,ADMIN_TOKO
1426,9,470,ADMIN_TOKO
1427,19,471,ADMIN_SCM
1428,3,471,SUPER_SCM
1429,7,471,ADMIN_TOKO
1430,19,472,ADMIN_SCM
1431,18,472,ADMIN_TOKO
1432,3,472,ADMIN_TOKO
1433,8,472,ADMIN_TOKO
1434,4,472,SUPER_SCM
1435,11,473,ADMIN_TOKO
1436,9,473,SUPER_SCM
1437,12,473,SUPER_SCM
1438,20,474,ADMIN_TOKO
1439,12,474,ADMIN_TOKO
1440,17,475,SUPER_SCM
1441,9,475,SUPER_SCM
1442,11,476,SUPER_SCM
1443,4,476,SUPER_SCM
1444,10,476,SUPER_SCM
1445,9,476,ADMIN_SCM
1446,18,477,ADMIN_TOKO
1447,15,478,ADMIN_SCM
1448,13,478,ADMIN_TOKO
1449,12,478,ADMIN_TOKO
1450,10,478,ADMIN_SCM
1451,2,479,ADMIN_TOKO
1452,14,479,ADMIN_TOKO
1453,15,480,SUPER_SCM
1454,4,480,ADMIN_SCM
1455,9,480,ADMIN_SCM
1456,10,480,ADMIN_TOKO
1457,1,480,SUPER_SCM
1458,4,481,SUPER_SCM
1459,9,481,SUPER_SCM
1460,1,482,ADMIN_TOKO
1461,18,482,SUPER_SCM
1462,9,482,SUPER_SCM
1463,17,483,ADMIN_TOKO
1464,9,483,ADMIN_SCM
1465,14,483,SUPER_SCM
1466,10,483,ADMIN_SCM
1467,3,483,ADMIN_TOKO
1468,8,484,SUPER_SCM
1469,6,484,ADMIN_SCM
1470,17,484,SUPER_SCM
1471,16,484,ADMIN_SCM
1472,14,484,SUPER_SCM
1473,20,485,ADMIN_TOKO
1474,14,485,ADMIN_TOKO
1475,2,486,SUPER_SCM
1476,1,486,SUPER_SCM
1477,16,486,ADMIN_TOKO
1478,8,486,ADMIN_SCM
1479,5,487,ADMIN_TOKO
1480,20,487,ADMIN_SCM
1481,14,487,ADMIN_SCM
1482,16,487,SUPER_SCM
1483,7,488,ADMIN_SCM
1484,1,488,ADMIN_SCM
1485,15,489,ADMIN_TOKO
1486,6,489,ADMIN_TOKO
1487,19,489,ADMIN_SCM
1488,5,490,ADMIN_SCM
1489,20,491,SUPER_SCM
1490,15,491,ADMIN_SCM
1491,13,491,SUPER_SCM
1492,18,491,SUPER_SCM
1493,7,492,ADMIN_SCM
1494,14,493,ADMIN_SCM
1495,2,493,ADMIN_SCM
1496,9,493,SUPER_SCM
1497,17,493,ADMIN_TOKO
1498,1,494,ADMIN_TOKO
1499,3,494,ADMIN_SCM
1500,19,494,SUPER_SCM
1501,4,495,SUPER_SCM
1502,7,495,ADMIN_TOKO
1503,8,495,ADMIN_SCM
1504,11,495,SUPER_SCM
1505,12,495,ADMIN_SCM
1506,9,496,ADMIN_SCM
1507,18,496,ADMIN_TOKO
1508,3,496,ADMIN_SCM
1509,19,496,SUPER_SCM
1510,2,496,ADMIN_TOKO
1511,17,497,ADMIN_TOKO
1512,4,497,ADMIN_SCM
1513,10,497,SUPER_SCM
1514,5,497,ADMIN_SCM
1515,17,498,ADMIN_SCM
1516,9,498,ADMIN_SCM
1517,14,498,SUPER_SCM
1518,7,498,ADMIN_TOKO
1519,15,499,ADMIN_SCM
1520,18,499,ADMIN_TOKO
1521,17,500,ADMIN_TOKO
1522,4,500,ADMIN_TOKO
1523,1,501,ADMIN_SCM
1524,9,501,ADMIN_TOKO
1525,11,501,ADMIN_SCM
1526,10,502,ADMIN_TOKO
1527,3,503,ADMIN_TOKO
1528,9,503,ADMIN_TOKO
1529,18,504,SUPER_SCM
1530,16,504,ADMIN_TOKO
1531,1,504,ADMIN_SCM
1532,13,504,SUPER_SCM
1533,2,504,SUPER_SCM
1534,7,505,ADMIN_SCM
1535,8,505,ADMIN_SCM
1536,10,506,ADMIN_SCM
1537,20,506,SUPER_SCM
1538,17,506,SUPER_SCM
1539,6,506,SUPER_SCM
1540,16,507,ADMIN_TOKO
1541,1,508,SUPER_SCM
1542,7,508,ADMIN_SCM
1543,3,508,ADMIN_TOKO
1544,13,508,SUPER_SCM
1545,11,509,SUPER_SCM
1546,14,509,ADMIN_TOKO
1547,11,510,ADMIN_TOKO
1548,14,511,SUPER_SCM
1549,7,512,ADMIN_SCM
1550,4,512,ADMIN_TOKO
1551,18,512,SUPER_SCM
1552,20,512,SUPER_SCM
1553,15,513,ADMIN_TOKO
1554,17,513,ADMIN_TOKO
1555,12,513,ADMIN_SCM
1556,12,514,SUPER_SCM
1557,10,514,SUPER_SCM
1558,15,514,ADMIN_SCM
1559,2,514,SUPER_SCM
1560,20,514,ADMIN_SCM
1561,15,515,SUPER_SCM
1562,3,515,ADMIN_SCM
1563,6,515,ADMIN_TOKO
1564,10,516,SUPER_SCM
1565,15,516,ADMIN_TOKO
1566,19,517,ADMIN_SCM
1567,2,517,ADMIN_SCM
1568,4,517,SUPER_SCM
1569,1,517,SUPER_SCM
1570,9,518,SUPER_SCM
1571,10,518,ADMIN_TOKO
1572,10,519,ADMIN_TOKO
1573,15,519,ADMIN_SCM
1574,3,519,SUPER_SCM
1575,19,520,SUPER_SCM
1576,7,520,ADMIN_SCM
1577,11,520,ADMIN_TOKO
1578,8,520,SUPER_SCM
1579,11,521,ADMIN_TOKO
1580,7,522,SUPER_SCM
1581,4,523,SUPER_SCM
1582,5,524,ADMIN_SCM
1583,19,524,ADMIN_TOKO
1584,8,524,SUPER_SCM
1585,17,524,SUPER_SCM
1586,13,524,ADMIN_SCM
1587,16,525,SUPER_SCM
1588,3,525,ADMIN_SCM
1589,15,525,ADMIN_TOKO
1590,7,525,SUPER_SCM
1591,13,526,ADMIN_TOKO
1592,6,526,SUPER_SCM
1593,2,527,ADMIN_SCM
1594,8,528,ADMIN_SCM
1595,1,529,SUPER_SCM
1596,9,529,ADMIN_TOKO
1597,13,530,SUPER_SCM
1598,4,531,ADMIN_SCM
1599,14,531,ADMIN_TOKO
1600,17,532,ADMIN_SCM
1601,9,533,SUPER_SCM
1602,13,534,ADMIN_TOKO
1603,10,534,ADMIN_SCM
1604,16,535,SUPER_SCM
1605,2,535,ADMIN_TOKO
1606,19,535,SUPER_SCM
1607,17,536,ADMIN_SCM
1608,6,537,ADMIN_TOKO
1609,4,537,ADMIN_TOKO
1610,12,537,SUPER_SCM
1611,11,538,ADMIN_SCM
1612,15,539,ADMIN_TOKO
1613,14,539,ADMIN_SCM
1614,9,539,ADMIN_SCM
1615,12,540,ADMIN_TOKO
1616,9,541,SUPER_SCM
1617,20,541,SUPER_SCM
1618,9,542,SUPER_SCM
1619,15,542,ADMIN_SCM
1620,4,543,ADMIN_SCM
1621,16,543,ADMIN_SCM
1622,8,543,ADMIN_TOKO
1623,5,543,ADMIN_TOKO
1624,7,544,SUPER_SCM
1625,17,544,ADMIN_TOKO
1626,13,545,ADMIN_SCM
1627,11,546,SUPER_SCM
1628,12,546,ADMIN_SCM
1629,14,546,ADMIN_SCM
1630,15,546,ADMIN_SCM
1631,1,547,SUPER_SCM
1632,13,547,ADMIN_TOKO
1633,2,548,ADMIN_TOKO
1634,17,548,ADMIN_TOKO
1635,13,549,ADMIN_SCM
1636,4,550,SUPER_SCM
1637,1,551,ADMIN_TOKO
1638,6,551,ADMIN_TOKO
1639,12,552,SUPER_SCM
1640,3,552,SUPER_SCM
1641,13,553,ADMIN_SCM
1642,2,553,ADMIN_TOKO
1643,12,553,ADMIN_SCM
1644,16,553,SUPER_SCM
