id,name,email,password,imageUrl,phoneNumber,isEmailVerified,idCard,idCardImage,npwp,npwpImage,googleId,roleId,createdAt,updatedAt
1,Azalea Hartati,superadmin@nukapos.com,$2b$12$2PUQFYvnVPEwlRKIIPWuLunBRrj2GiT4KCXPtRd43YhsUchM34q56,,62895247748796,1,3182375124808301,ktp_superadmin.jpg,2522059098516724,npwp_superadmin.jpg,,1,2025-11-28 06:48:43.805989,2025-11-28 06:48:43.805989
2,Gangsar Pradana,gangsar_pradana67@outlook.com,$2b$12$2PUQFYvnVPEwlRKIIPWuLunBRrj2GiT4KCXPtRd43YhsUchM34q56,https://picsum.photos/381/231,6281553346635,1,8880090337758633,ktp_owner_1.jpg,9828894677489313,npwp_owner_1.jpg,,2,2025-11-28 06:48:43.805989,2025-11-28 06:48:43.805989
3,Tantri Pudjiastuti,tantripudjiastuti35@mail.com,$2b$12$2PUQFYvnVPEwlRKIIPWuLunBRrj2GiT4KCXPtRd43YhsUchM34q56,https://picsum.photos/942/425,628525860517,1,8571959728836505,ktp_owner_2.jpg,8778865050834625,npwp_owner_2.jpg,,2,2025-11-28 06:48:43.805989,2025-11-28 06:48:43.805989
4,Hafshah Hartati,hafshahhartati@posku.id,$2b$12$2PUQFYvnVPEwlRKIIPWuLunBRrj2GiT4KCXPtRd43YhsUchM34q56,https://placekitten.com/938/502,6289964801396,1,3299739116328746,ktp_owner_3.jpg,4335138493812498,npwp_owner_3.jpg,,2,2025-11-28 06:48:43.805989,2025-11-28 06:48:43.805989
5,Galih Waskita,galih_waskita99@gmail.com,$2b$12$2PUQFYvnVPEwlRKIIPWuLunBRrj2GiT4KCXPtRd43YhsUchM34q56,https://picsum.photos/1002/697,6283165689980,1,7979853110236634,ktp_owner_4.jpg,9871234471588426,npwp_owner_4.jpg,,2,2025-11-28 06:48:43.805989,2025-11-28 06:48:43.805989
6,Darman Tamba,darman_tamba63@nukapos-owner.com,$2b$12$2PUQFYvnVPEwlRKIIPWuLunBRrj2GiT4KCXPtRd43YhsUchM34q56,https://picsum.photos/652/479,6281958316020,1,0134885365766608,ktp_owner_5.jpg,2891363908627696,npwp_owner_5.jpg,,2,2025-11-28 06:48:43.805989,2025-11-28 06:48:43.805989
7,Zalindra Nurdiyanti,zalindranurdiyanti@posku.id,$2b$12$2PUQFYvnVPEwlRKIIPWuLunBRrj2GiT4KCXPtRd43YhsUchM34q56,https://dummyimage.com/498x813,628131198843,0,2477201740029108,ktp_admintoko_1.jpg,,,,3,2025-11-28 06:48:43.805989,2025-11-28 06:48:43.805989
8,Siska Rahimah,siska.rahimah@posku.id,$2b$12$2PUQFYvnVPEwlRKIIPWuLunBRrj2GiT4KCXPtRd43YhsUchM34q56,https://picsum.photos/921/41,62831903158,1,0321196657952053,ktp_admintoko_2.jpg,3204490581020625,,,3,2025-11-28 06:48:43.805989,2025-11-28 06:48:43.805989
9,Samiah Kuswandari,samiah.kuswandari@gmail.com,$2b$12$2PUQFYvnVPEwlRKIIPWuLunBRrj2GiT4KCXPtRd43YhsUchM34q56,https://dummyimage.com/640x895,62886000526609,1,0911441336524906,ktp_admintoko_3.jpg,9459369490344027,,,3,2025-11-28 06:48:43.805989,2025-11-28 06:48:43.805989
10,Marsito Permadi,marsito.permadi12@mail.com,$2b$12$2PUQFYvnVPEwlRKIIPWuLunBRrj2GiT4KCXPtRd43YhsUchM34q56,https://dummyimage.com/719x902,628778759572,1,8210003901397754,ktp_admintoko_4.jpg,,,,3,2025-11-28 06:48:43.805989,2025-11-28 06:48:43.805989
11,Padmi Nasyiah,padmi_nasyiah@yahoo.com,$2b$12$2PUQFYvnVPEwlRKIIPWuLunBRrj2GiT4KCXPtRd43YhsUchM34q56,https://dummyimage.com/339x17,6288206616772,0,3159950698481255,ktp_admintoko_5.jpg,,,,3,2025-11-28 06:48:43.805989,2025-11-28 06:48:43.805989
12,Ana Safitri,anasafitri@gmail.com,$2b$12$2PUQFYvnVPEwlRKIIPWuLunBRrj2GiT4KCXPtRd43YhsUchM34q56,https://placekitten.com/428/807,62832544722738,1,5261140826990446,ktp_admintoko_6.jpg,,,,3,2025-11-28 06:48:43.805989,2025-11-28 06:48:43.805989
13,Kezia Haryanti,kezia_haryanti@mail.com,$2b$12$2PUQFYvnVPEwlRKIIPWuLunBRrj2GiT4KCXPtRd43YhsUchM34q56,https://picsum.photos/434/142,62814439875,1,1562401949144611,ktp_admintoko_7.jpg,,,,3,2025-11-28 06:48:43.805989,2025-11-28 06:48:43.805989
14,Azalea Handayani,azalea_handayani75@nukapos-admintoko.com,$2b$12$2PUQFYvnVPEwlRKIIPWuLunBRrj2GiT4KCXPtRd43YhsUchM34q56,https://placekitten.com/702/692,6289910445281,1,7771649025031920,ktp_admintoko_8.jpg,5571165342528292,,,3,2025-11-28 06:48:43.805989,2025-11-28 06:48:43.805989
15,Luhung Pratama,luhung_pratama70@bisnisanda.com,$2b$12$2PUQFYvnVPEwlRKIIPWuLunBRrj2GiT4KCXPtRd43YhsUchM34q56,https://placekitten.com/697/964,62838084134700,0,4318204662161887,ktp_admintoko_9.jpg,,,,3,2025-11-28 06:48:43.805989,2025-11-28 06:48:43.805989
16,Yuni Usada,yuni_usada80@nukapos-admintoko.com,$2b$12$2PUQFYvnVPEwlRKIIPWuLunBRrj2GiT4KCXPtRd43YhsUchM34q56,https://dummyimage.com/15x355,62852749022,0,4181442998659145,ktp_admintoko_10.jpg,,,,3,2025-11-28 06:48:43.805989,2025-11-28 06:48:43.805989
17,Hafshah Handayani,hafshah_handayani86@gmail.com,$2b$12$2PUQFYvnVPEwlRKIIPWuLunBRrj2GiT4KCXPtRd43YhsUchM34q56,https://picsum.photos/537/321,62857201559632,0,5279064576799996,ktp_kasir_1.jpg,,,,4,2025-11-28 06:48:43.805989,2025-11-28 06:48:43.805989
18,Damar Marpaung,damarmarpaung51@outlook.com,$2b$12$2PUQFYvnVPEwlRKIIPWuLunBRrj2GiT4KCXPtRd43YhsUchM34q56,https://dummyimage.com/552x37,6288295116921,1,9312833748389150,ktp_kasir_2.jpg,,,,4,2025-11-28 06:48:43.805989,2025-11-28 06:48:43.805989
19,Paiman Mansur,paiman.mansur57@gmail.com,$2b$12$2PUQFYvnVPEwlRKIIPWuLunBRrj2GiT4KCXPtRd43YhsUchM34q56,https://placekitten.com/1006/398,62857805837645,1,5429076611772803,ktp_kasir_3.jpg,,,,4,2025-11-28 06:48:43.805989,2025-11-28 06:48:43.805989
20,Calista Laksita,calista.laksita83@outlook.com,$2b$12$2PUQFYvnVPEwlRKIIPWuLunBRrj2GiT4KCXPtRd43YhsUchM34q56,https://dummyimage.com/88x330,62815878432,0,0376059285655761,ktp_kasir_4.jpg,,,,4,2025-11-28 06:48:43.805989,2025-11-28 06:48:43.805989
21,Manah Waluyo,manah_waluyo@gmail.com,$2b$12$2PUQFYvnVPEwlRKIIPWuLunBRrj2GiT4KCXPtRd43YhsUchM34q56,https://dummyimage.com/98x661,6283242640132,0,2258352815091361,ktp_kasir_5.jpg,,,,4,2025-11-28 06:48:43.805989,2025-11-28 06:48:43.805989
22,Adinata Nashiruddin,adinatanashiruddin@mail.com,$2b$12$2PUQFYvnVPEwlRKIIPWuLunBRrj2GiT4KCXPtRd43YhsUchM34q56,https://placekitten.com/968/103,628779518227,0,9062332928736730,ktp_kasir_6.jpg,,,,4,2025-11-28 06:48:43.805989,2025-11-28 06:48:43.805989
23,Cakrajiya Gunawan,cakrajiya_gunawan13@gmail.com,$2b$12$2PUQFYvnVPEwlRKIIPWuLunBRrj2GiT4KCXPtRd43YhsUchM34q56,https://picsum.photos/442/150,62822642838103,0,4893982413361490,ktp_kasir_7.jpg,9203141640443555,,,4,2025-11-28 06:48:43.805989,2025-11-28 06:48:43.805989
24,Tirta Simanjuntak,tirtasimanjuntak@bisnisanda.com,$2b$12$2PUQFYvnVPEwlRKIIPWuLunBRrj2GiT4KCXPtRd43YhsUchM34q56,https://placekitten.com/735/484,628988836246,1,7345020762297472,ktp_kasir_8.jpg,,,,4,2025-11-28 06:48:43.805989,2025-11-28 06:48:43.805989
25,Zaenab Hasanah,zaenab_hasanah81@outlook.com,$2b$12$2PUQFYvnVPEwlRKIIPWuLunBRrj2GiT4KCXPtRd43YhsUchM34q56,https://dummyimage.com/969x1020,6289779142220,1,6204483088365183,ktp_kasir_9.jpg,,,,4,2025-11-28 06:48:43.805989,2025-11-28 06:48:43.805989
26,Cindy Handayani,cindyhandayani59@gmail.com,$2b$12$2PUQFYvnVPEwlRKIIPWuLunBRrj2GiT4KCXPtRd43YhsUchM34q56,https://picsum.photos/226/485,62859381239,0,0321492521974557,ktp_kasir_10.jpg,,,,4,2025-11-28 06:48:43.805989,2025-11-28 06:48:43.805989
